Number of projects, Number of files
211,1256

PROJECT, CLASS
3taps-Java-Client, GeocoderRequest.java 
3taps-Java-Client, GeocoderResponse.java 
3taps-Java-Client, CreateResponse.java 
3taps-Java-Client, DeleteResponse.java 
3taps-Java-Client, UpdateResponse.java 
3taps-Java-Client, BestMatchResponse.java 
3taps-Java-Client, SearchRequest.java 
3taps-Java-Client, SearchResponse.java 
3taps-Java-Client, SummaryRequest.java 
3taps-Java-Client, SummaryResponse.java 
3taps-Java-Client, Category.java 
3taps-Java-Client, Posting.java 
3taps-Java-Client, PostingHistory.java 
3taps-Java-Client, Source.java 
3taps-Java-Client, Annotation.java 
3taps-Java-Client, AnnotationOption.java 
3taps-Java-Client, Utils.java 
A7B36ASS, AbstractFactory.java 
A7B36ASS, StudentFactory.java 
A7B36ASS, TeacherFactory.java 
abdera, Singleton.java 
accent, ChannelListenerAdapter.java 
accent, ControlledConnectionProxy.java 
activemq, JobSchedulerFacade.java 
activemq, DataManagerFacade.java 
activemq, JournalFacade.java 
activemq, BrokerFacade.java 
activemq, BrokerFacadeSupport.java 
activemq, DestinationFacade.java 
activemq, DurableSubscriberFacade.java 
activemq, JobFacade.java 
activemq, LocalBrokerFacade.java 
activemq, RemoteJMXBrokerFacade.java 
activemq, SingletonBrokerFacade.java 
agetac-ng, AddEntityMemento.java 
Akka-JavaEE6-Integracia, SumSingleton.java 
alfresco, TransactionAwareSingleton.java 
Alice, CallToUserDefinedQuestionPrototype.java 
Alice, CallToUserDefinedResponsePrototype.java 
Alice, ElementPrototype.java 
Alice, QuestionPrototype.java 
Alice, ResponsePrototype.java 
Alitheia-Core, ProxyServlet.java 
AllBinary-Platform, UploadMediaSingleton.java 
AllBinary-Platform, AdminUserEmailEventHandlerSingletons.java 
AllBinary-Platform, StoreAdminUserEmailEventHandlerSingletons.java 
AllBinary-Platform, UserEmailEventHandlerSingletons.java 
AllBinary-Platform, LicenseInterfaceSingleton.java 
AllBinary-Platform, InputAutomationModuleConfigurationsSingletonFactory.java 
AllBinary-Platform, KeySingletonFactory.java 
AllBinary-Platform, ImageComparisonResultCacheSingleton.java 
AllBinary-Platform, AllMotionRectanglesResultsCacheSingleton.java 
AllBinary-Platform, ConsolidatedMotionRectanglesResultsCacheSingleton.java 
AllBinary-Platform, ConstrainedMotionRectanglesResultsCacheSingleton.java 
AllBinary-Platform, BufferedImagePoolSingleton.java 
AllBinary-Platform, DisplayInfoSingleton.java 
AllBinary-Platform, ProcessPaintableSingletonFactory.java 
AllBinary-Platform, NoGameNotificationHudSingleton.java 
AllBinary-Platform, GameConfigurationSingleton.java 
AllBinary-Platform, GameConfigurationPersistanceSingleton.java 
AllBinary-Platform, GamePersistanceSingleton.java 
AllBinary-Platform, TestingInputSingleton.java 
AllBinary-Platform, HighScoreNamePersistanceSingleton.java 
AllBinary-Platform, NullHighScoresSingletonFactory.java 
AllBinary-Platform, RemoteErrorHighScoresSingletonFactory.java 
AllBinary-Platform, MakeCountedPartsSingletonArrayFactory.java 
AllBinary-Platform, CurrentlyPressedTouchButtonSingleton.java 
android-rackspacecloud, ApacheHCHttpCommandExecutorServiceModule.java 
android-rackspacecloud, NioTransformingHttpCommandExecutorServiceModule.java 
android-rackspacecloud, ConnectionPoolCommandExecutorServiceModule.java 
Android-RTMP, FFMPEGPrototype.java 
Android-Simple-Social-Sharing, FacebookEventObserver.java 
Android-Simple-Social-Sharing, TwitterEventObserver.java 
AndroidBillingLibrary, MockBillingObserver.java 
Android_1, IClientSocketFactory.java 
ant, TaskAdapter.java 
ant, TypeAdapter.java 
ant, ExtensionAdapter.java 
ant, JspCompilerAdapter.java 
ant, Native2AsciiAdapter.java 
ant, DefaultRmicAdapter.java 
ant, RmicAdapter.java 
ant, ResourceFactory.java 
ant, ResourceDecorator.java 
ant, TimeoutObserver.java 
api, Singleton.java 
api, SingletonProvider.java 
api, IsolatedStaticSingletonProvider.java 
api, TCCLSingletonProvider.java 
api, MockResourceFactory.java 
api, ResourceReferenceFactory.java 
archaius, ExpandedConfigurationListenerAdapter.java 
arquillian-extension-persistence, EventObserver.java 
arquillian_deprecated, ObserverImpl.java 
ASEME, AIPFactory.java 
ASEME, AIPFactoryImpl.java 
ASEME, IACFactory.java 
ASEME, IACFactoryImpl.java 
ASEME, SRMFactory.java 
ASEME, SRMFactoryImpl.java 
ASEME, StatechartFactory.java 
ASEME, StatechartFactoryImpl.java 
ASEME, SUCFactory.java 
ASEME, SUCFactoryImpl.java 
AxonFramework, SpringPrototypeAggregateFactory.java 
basiclti-portlet, AbstractAdapter.java 
basiclti-portlet, BasicLTIAdapterFactory.java 
basiclti-portlet, ChemvantageAdapter.java 
basiclti-portlet, IBasicLTIAdapter.java 
basiclti-portlet, NoteflightAdapter.java 
basiclti-portlet, PeoplesoftAdapter.java 
basiclti-portlet, SakaiAdapter.java 
basiclti-portlet, StandardAdapter.java 
basiclti-portlet, WikispacesAdapter.java 
basiclti-portlet, WimbaAdapter.java 
BeeQueue, ProxyFactory.java 
betterFORM, FluxFacade.java 
biojava-legacy, SearchBuilder.java 
biojava-legacy, SequenceBuilder.java 
biojava-legacy, SequenceBuilderFactory.java 
biojava-legacy, SimpleAssemblyBuilder.java 
biojava-legacy, ExceptionMemento.java 
biojava-legacy, URLFactory.java 
biojava-legacy, BioSQLRichObjectBuilder.java 
biomixer, Memento.java 
biomixer, ResourceSetFactory.java 
biomixer, DisableIfEmptyResourceSetAvatarFactory.java 
biomixer, FixedLabelResourceSetAvatarFactory.java 
biomixer, HideIfEmptyResourceSetAvatarFactory.java 
biomixer, HighlightingResourceSetAvatarFactory.java 
biomixer, ResourceSetAvatarFactory.java 
biomixer, UpdateResourceSetAvatarLabelFactory.java 
biomixer, ResourceSetAvatarDropCommandFactory.java 
biomixer, ResourceSetPresenterDropCommandFactory.java 
biomixer, NcboJsonpRestUrlBuilderFactory.java 
biomixer, NcboRestUrlBuilderFactory.java 
biomixer, JsDomSvgElementFactory.java 
biomixer, SvgElementFactory.java 
biomixer, TextSvgElementFactory.java 
bio_quiz, AbstractFacade.java 
bio_quiz, PlayerFacade.java 
bio_quiz, QuestionFacade.java 
bio_quiz, QuizFacade.java 
birt, Memento.java 
birt, MementoBuilder.java 
birt, MementoElement.java 
BMach, IObserver.java 
BMach, ISubject.java 
brightroom, AppHistoryObserver.java 
BuildCraft, BuilderProxy.java 
BuildCraft, BuilderProxyClient.java 
BuildCraft, BuildersProxy.java 
BuildCraft, CoreProxy.java 
BuildCraft, CoreProxyClient.java 
BuildCraft, EnergyProxy.java 
BuildCraft, EnergyProxyClient.java 
BuildCraft, FactoryProxy.java 
BuildCraft, FactoryProxyClient.java 
BuildCraft, SiliconProxy.java 
BuildCraft, SiliconProxyClient.java 
BuildCraft, TransportProxy.java 
carrot2, SimpleXmlMemento.java 
Catroid, PrototypeBrickAdapter.java 
cayenne, DefaultWidgetFactory.java 
cayenne, WidgetFactory.java 
cayenne, SingletonFaultFactory.java 
cayenne, TextPaneViewFactory.java 
ccw, ClojureCore.java 
ccw, ClojureBuilder.java 
ccw, ClojureVisitor.java 
ccw, LeiningenBuilder.java 
ccw, BreakpointAdapterFactory.java 
ccw, ClojureLineBreakpointAdapter.java 
cdk, LibraryBuilder.java 
cdk, ModelBuilder.java 
cdk, AptBuilder.java 
cdk, EmptyAnnotationValueVisitor.java 
cdk, TaglibGeneratorVisitor.java 
cdk, SimpleVisitor.java 
cdk, Visitor.java 
cdk, RendererClassVisitor.java 
cdk, ELVisitor.java 
cdk, NormalizedStringAdapter.java 
cdk, TemplateVisitor.java 
cdk, AdapterBase.java 
cdk, AttributeAdapter.java 
cdk, BehaviorAdapter.java 
cdk, BehaviorRendererAdapter.java 
cdk, ClassAdapter.java 
cdk, ComponentAdapter.java 
cdk, ConverterAdapter.java 
cdk, ElementAdapterBase.java 
cdk, EventAdapter.java 
cdk, FacesConfigAdapter.java 
cdk, FacetAdapter.java 
cdk, PropertyAdapter.java 
cdk, RendererAdapter.java 
cdk, ValidatorAdapter.java 
cdk, TagHandlerGeneratorVisitor.java 
cdo, CDOLazyContentAdapter.java 
cdo, CDOLegacyAdapter.java 
cdo, CDOElementProxy.java 
cdo, CDOFeatureDeltaVisitor.java 
cdo, CDOCommonEventAdapter.java 
cdo, CDOElementProxyImpl.java 
cdo, CDOFeatureDeltaVisitorImpl.java 
cdo, DawngenmodelItemProviderAdapterFactory.java 
cdo, CDODefsAdapterFactory.java 
cdo, CDOItemProviderAdapter.java 
cdo, EresourceItemProviderAdapterFactory.java 
cdo, VersionBuilder.java 
cdo, ObjyProxy.java 
cdo, EmbeddedDerbyAdapter.java 
cdo, H2Adapter.java 
cdo, HSQLDBAdapter.java 
cdo, PostgreSQLAdapter.java 
cdo, ContainerEventAdapter.java 
cdo, IOVisitor.java 
cdo, DNDDropAdapter.java 
cdt, CodanBuilder.java 
cdt, ControlFlowGraphBuilder.java 
cdt, ICElementVisitor.java 
cdt, IPathSettingsContainerVisitor.java 
cdt, AsmModelBuilder.java 
cdt, CElementDeltaBuilder.java 
cdt, CModelBuilder2.java 
cdt, PathEntryStoreProxy.java 
cdt, AbstractCExtensionProxy.java 
cdt, CDataProxy.java 
cdt, CDataProxyContainer.java 
cdt, CfgProxyCache.java 
cdt, ASTGenericVisitor.java 
cdt, ICPPASTVisitor.java 
cdt, CVisitor.java 
cdt, ChangeGeneratorWriterVisitor.java 
cdt, ASTCommenterVisitor.java 
cdt, CodeReaderAdapter.java 
cdt, IndexerInputAdapter.java 
cdt, PDOMProxy.java 
cdt, PDOMASTAdapter.java 
cdt, IndexerASTVisitor.java 
cdt, ProjectIndexerInputAdapter.java 
cdt, ACBuilder.java 
cdt, CodeFormatterVisitor.java 
cdt, BinaryObjectAdapter.java 
cdt, CElementDecorator.java 
cdt, CWorkbenchAdapter.java 
cdt, DeferredCWorkbenchAdapter.java 
cdt, WorkbenchRunnableAdapter.java 
cdt, BuildConsoleStreamDecorator.java 
cdt, MultiBuildConsoleAdapter.java 
cdt, ReferenceVisitor.java 
cdt, CStructureCreatorVisitor.java 
cdt, IncludeReferenceProxy.java 
cdt, BasicSelectionTransferDragAdapter.java 
cdt, CDTViewerDragAdapter.java 
cdt, CDTViewerDropAdapter.java 
cdt, DelegatingDragAdapter.java 
cdt, DelegatingDropAdapter.java 
cdt, TextViewerDragAdapter.java 
cdt, DocumentAdapter.java 
cdt, CNavigatorProblemsLabelDecorator.java 
cdt, CPPASTAllVisitor.java 
cdt, CEditorTextHoverProxy.java 
cdt, ExternalEditorInputFactory.java 
cdt, ExcludedFileDecorator.java 
cdt, IncludeFolderDecorator.java 
cdt, ProblemsLabelDecorator.java 
cdt, IListAdapter.java 
cdt, FunctionPrototypeSummary.java 
cdt, MITTYAdapter.java 
cdt, ModulesViewModelProxy.java 
cdt, SignalsViewModelProxy.java 
cdt, BreakpointVMModelProxyStrategy.java 
cdt, ExpressionVMProviderModelProxyStrategy.java 
cdt, DefaultVMModelProxyStrategy.java 
cdt, UpdatePolicyDecorator.java 
cdt, IModelVisitor.java 
cfeclipse, URLDecorator.java 
cfeclipse, URLDecoratorDescriptor.java 
cfeclipse, URLDecoratorImageDescriptor.java 
cfeclipse, URLDecoratorManager.java 
cfeclipse, ConfigFileDecorator.java 
cfeclipse, ImageDecorator.java 
ChenSun, AssertionFailedException.java 
ChenSun, BestResponseTimeBalanceStrategy.java 
ChenSun, Blob.java 
ChenSun, BlobFromLocator.java 
ChenSun, CachedResultSetMetaData.java 
ChenSun, CallableStatement.java 
ChenSun, CharsetMapping.java 
ChenSun, Clob.java 
ChenSun, CommunicationsException.java 
ChenSun, CompressedInputStream.java 
ChenSun, ConnectionFeatureNotAvailableException.java 
ChenSun, ConnectionGroup.java 
ChenSun, ConnectionGroupManager.java 
ChenSun, ConnectionImpl.java 
ChenSun, ConnectionProperties.java 
ChenSun, ConnectionPropertiesImpl.java 
ChenSun, ConnectionPropertiesTransform.java 
ChenSun, DatabaseMetaData.java 
ChenSun, DatabaseMetaDataUsingInfoSchema.java 
ChenSun, DocsConnectionPropsHelper.java 
ChenSun, EscapeProcessor.java 
ChenSun, ExportControlled.java 
ChenSun, FailoverConnectionProxy.java 
ChenSun, Field.java 
ChenSun, IterateBlock.java 
ChenSun, LoadBalancingConnectionProxy.java 
ChenSun, ReflectiveStatementInterceptorAdapter.java 
ChenSun, Statement.java 
ChenSun, V1toV2StatementInterceptorAdapter.java 
ChenSun, ExtendedMysqlExceptionSorter.java 
ChenSun, MysqlValidConnectionChecker.java 
ChenSun, JDBC4MysqlPooledConnection.java 
ChenSun, JDBC4MysqlXAConnection.java 
ChenSun, JDBC4SuspendableXAConnection.java 
ChenSun, MysqlConnectionPoolDataSource.java 
ChenSun, MysqlDataSource.java 
ChenSun, MysqlXAConnection.java 
ChenSun, MysqlXADataSource.java 
ChenSun, SocialNetworkDBAThread.java 
ChenSun, SocialNetworkNavigation.java 
chute-android-components, HeartsSingleton.java 
CIDE, ScreenSingleton.java 
Client, AddEntityMemento.java 
clusterbench, LocalSingletonEjbServlet.java 
coala, CDABuilder.java 
coala, DocumentEntryBuilder.java 
coala, PdqMessageBuilderImpl.java 
coala, PdqRouteBuilder.java 
cogroo4, CogrooSingleton.java 
com.happyprog.tdgotchi, RefactoringObserver.java 
com.happyprog.tdgotchi, TamagotchiObserver.java 
com.idega.core, Singleton.java 
computercraft-spout, Prototype.java 
console_1, CoreUISingleton.java 
console_1, GinjectorSingleton.java 
console_1, AggregatedConsoleSingleton.java 
Cours-3eme-ann-e, AbstractFacade.java 
Cours-3eme-ann-e, AeroportFacadeREST.java 
Cours-3eme-ann-e, VolFacadeREST.java 
Cream, LoggingObserver.java 
cruisecontrol, Builder.java 
cruisecontrol, CompositeBuilder.java 
cruisecontrol, ExecBuilder.java 
cruisecontrol, Maven2Builder.java 
cruisecontrol, NantBuilder.java 
cruisecontrol, PhingBuilder.java 
cruisecontrol, RakeBuilder.java 
cruisecontrol, XcodeBuilder.java 
cruisecontrol, ServerNameSingleton.java 
cruisecontrol, LogFileSetupDecorator.java 
crunch, JobPrototype.java 
CS230-Software-Project, Observable.java 
CS230-Software-Project, Observer.java 
cucumber-jvm, SingletonFactory.java 
cucumber-jvm, FileResourceIteratorFactory.java 
cucumber-jvm, ResourceIteratorFactory.java 
cucumber-jvm, ZipResourceIteratorFactory.java 
cw-omnibus, ContentsAdapter.java 
cxf, ColocMessageObserver.java 
cxf, AbstractFaultChainInitiatorObserver.java 
cxf, ClientOutFaultObserver.java 
cxf, ClientMessageObserver.java 
cxf, MessageReplayObserver.java 
cxf, ArrayVisitor.java 
cxf, ConstrTypeSpecVisitor.java 
cxf, ConstVisitor.java 
cxf, DefinitionVisitor.java 
cxf, ExceptionVisitor.java 
cxf, FixedVisitor.java 
cxf, ModuleVisitor.java 
cxf, OperationVisitor.java 
cxf, ParamDclVisitor.java 
cxf, ParamTypeSpecVisitor.java 
cxf, PortTypeVisitor.java 
cxf, PrimitiveTypesVisitor.java 
cxf, ScopedNameVisitor.java 
cxf, SequenceVisitor.java 
cxf, SimpleTypeSpecVisitor.java 
cxf, StringVisitor.java 
cxf, TemplateTypeSpecVisitor.java 
cxf, TypedefVisitor.java 
cxf, TypesVisitor.java 
cxf, VisitorBase.java 
cxf, JAXWSDefinitionBuilder.java 
cxf, ChainInitiationObserver.java 
cxf, MultipleEndpointObserver.java 
cxf, AddressingAssertionBuilder.java 
cxf, EndpointReferenceDomainExpressionBuilder.java 
cxf, JaxbAssertionBuilder.java 
cxf, MTOMAssertionBuilder.java 
cxf, RM11AssertionBuilder.java 
cxf, ServiceWSDLBuilder.java 
cxf, StaxBuilder.java 
cytoscape-plugins, ObjectFactorySingleton.java 
dawn-third, AnnotationMemento.java 
dawn-third, AxisMemento.java 
dawn-third, TraceMemento.java 
dawn-third, XYGraphMemento.java 
dawn-ui, XYRegionMemento.java 
de-webapp, AnalysisServiceFacade.java 
de-webapp, DiskResourceServiceFacade.java 
de-webapp, FileEditorServiceFacade.java 
de-webapp, MessageServiceFacade.java 
de-webapp, TemplateServiceFacade.java 
de-webapp, UserSessionServiceFacade.java 
de-webapp, AbstractContextBuilder.java 
de-webapp, AnalysisContextBuilder.java 
derby, DatabaseManager.java 
DimSim, ObjectProxy.java 
DimSim, SimpleProtocolCodecFactory.java 
DimSim, DebugProxyHandler.java 
DimSim, RemotingCodecFactory.java 
DimSim, RTMPCodecFactory.java 
DimSim, RTMPMinaCodecFactory.java 
DimSim, RTMPTCodecFactory.java 
DimSim, EventsJsonProxy.java 
DimSim, PopoutPanelProxy.java 
DimSim, PopoutWindowProxy.java 
directory-server, AvlTreeSingleton.java 
dozer, CacheKeyFactory.java 
dozer, ClassMapBuilder.java 
dozer, JAXBBeanFactory.java 
dozer, BaseSampleBeanFactory.java 
dozer, SampleDefaultBeanFactory.java 
dozer, UserBeanFactory.java 
dozer, DozerBuilder.java 
dozer, BeanMappingBuilder.java 
dozer, TypeMappingBuilder.java 
drools, Memento.java 
Dual-Battery-Widget, BillingObserver.java 
Dual-Battery-Widget, IntentReceiver.java 
Dual-Battery-Widget, BatteryLevelAdapter.java 
ecf, SmartProxy.java 
ecf, Proxy.java 
ecf, ServiceResourceFactory.java 
ecf, IDFactory.java 
ecf, IIDFactory.java 
eclipse.jdt.core, MementoTokenizer.java 
eclipse.jdt.ui, Mementos.java 
eclipse.platform.debug, XMLMemento.java 
eclipse.platform.debug, ControlsMementoProvider.java 
eclipse.platform.debug, BreakpointMementoProvider.java 
eclipse.platform.debug, DebugElementMementoProvider.java 
eclipse.platform.debug, ElementMementoProvider.java 
eclipse.platform.debug, ExpressionManagerMementoProvider.java 
eclipse.platform.debug, ExpressionMementoProvider.java 
eclipse.platform.debug, MemoryViewElementMementoProvider.java 
eclipse.platform.debug, RegisterGroupMementoProvider.java 
eclipse.platform.debug, StackFrameMementoProvider.java 
eclipse.platform.debug, MementoUpdate.java 
eclipse.platform.debug, IElementMementoProvider.java 
eclipse.platform.debug, IElementMementoRequest.java 
eclipse.platform.ui, IMementoAware.java 
eclipse.platform.ui, IMemento.java 
eclipse.platform.ui, XMLMemento.java 
eclipse.platform.ui, ConfigurationElementMemento.java 
emergency-service-drools-app, MessageServerSingleton.java 
emergency-service-drools-app, ProcedureServiceFactory.java 
emf.compare, DiffBuilder.java 
emf.compare, DefaultComparisonFactory.java 
Emma, InstrVisitor.java 
Emma, AbstractItemVisitor.java 
Emma, IItemVisitor.java 
Emma, AbstractClassDefVisitor.java 
Emma, IClassDefVisitor.java 
Emma, IAttributeVisitor.java 
Emma, ICONSTANTVisitor.java 
Emma, IOpcodeVisitor.java 
faban, AboveTimedSSLSocketFactory.java 
faban, SocketFactory.java 
faban, RunFacade.java 
fafdtibb, FastNodeBuilderFactory.java 
fafdtibb, FatNodeBuilderFactory.java 
fafdtibb, FuriousNodeBuilderFactory.java 
fafdtibb, LimitModeTreeBuilderFactory.java 
fafdtibb, MapperTreeBuilder.java 
fest-reflect, DecoratorInvocationHandler.java 
fest-reflect, PostDecorator.java 
fest-reflect, PreDecorator.java 
flume_1, DigestDecorator.java 
flume_1, EventSinkDecorator.java 
flume_1, FormatterDecorator.java 
flume_1, MaskDecorator.java 
flume_1, SelectDecorator.java 
flume_1, BatchingDecorator.java 
flume_1, GunzipDecorator.java 
flume_1, GzipDecorator.java 
flume_1, UnbatchingDecorator.java 
flume_1, BenchmarkInjectDecorator.java 
flume_1, BenchmarkReportDecorator.java 
flume_1, BloomCheckDecorator.java 
flume_1, ChokeDecorator.java 
flume_1, DelayDecorator.java 
flume_1, ExceptionTwiddleDecorator.java 
flume_1, InMemoryDecorator.java 
flume_1, InsistentAppendDecorator.java 
flume_1, InsistentOpenDecorator.java 
flume_1, LatchedDecorator.java 
flume_1, LazyOpenDecorator.java 
flume_1, MultiplierDecorator.java 
flume_1, ReorderDecorator.java 
flume_1, ValueDecorator.java 
flume_1, HelloWorldDecorator.java 
fop, ElementListObserver.java 
fop, LoggingElementListObserver.java 
freemind, ConditionNotSatisfiedDecorator.java 
freemind, ExtendedAttributeTableModelDecorator.java 
freemind, ReducedAttributeTableModelDecorator.java 
frostwire-desktop, NetworkAdminHTTPProxyImpl.java 
frostwire-desktop, ProxyDefintion.java 
frostwire-desktop, FrmProxy.java 
frostwire-desktop, TreeMouseObserver.java 
frostwire-desktop, HeaderMouseObserver.java 
frostwire-desktop, MouseObserver.java 
frostwire-desktop, ProxyBlock.java 
frostwire-desktop, ProxyController.java 
frostwire-desktop, ProxyData.java 
frostwire-desktop, Decorator.java 
fuzzydb, Decorator.java 
fuzzydb, IDecorator.java 
fuzzydb, BooleanDecorator.java 
fuzzydb, AgeDecorator.java 
fuzzydb, DateDecorator.java 
gansenbang, PrototypeWrapper.java 
Generic-Graph-View, InstancemodelFactory.java 
Generic-Graph-View, InstancemodelFactoryImpl.java 
Generic-Graph-View, ColorMemento.java 
Generic-Graph-View, GraphViewMappingFactory.java 
Generic-Graph-View, GraphViewMappingFactoryImpl.java 
Generic-Graph-View, GraphViewStyleFactory.java 
Generic-Graph-View, GraphViewStyleFactoryImpl.java 
geotoolkit-pending, GeometryProxy.java 
geotoolkit-pending, RandomStyleBuilder.java 
geotoolkit-pending, SingletonIterator.java 
geronimo, CORBAEJBMemento.java 
Get-Another-Label, DatumDecorator.java 
Get-Another-Label, DawidSkeneDecorator.java 
Get-Another-Label, Decorator.java 
Get-Another-Label, WorkerDecorator.java 
graph-collections, SpatialIndexVisitor.java 
gson, ProtoTypeAdapter.java 
harmony-classlib, AWTEventListenerProxy.java 
harmony-classlib, PropertyChangeListenerProxy.java 
harmony-classlib, VetoableChangeListenerProxy.java 
harmony-classlib, BeanContextChildComponentProxy.java 
harmony-classlib, BeanContextContainerProxy.java 
harmony-classlib, BeanContextProxy.java 
harmony-classlib, ActionProxy.java 
harmony-classlib, DataProxy.java 
harmony-classlib, DragSourceEventProxy.java 
harmony-classlib, Proxy.java 
harmony-classlib, ProxySelector.java 
harmony-classlib, ProxySelectorImpl.java 
harmony-classlib, MockBeanContextProxy.java 
harmony-classlib, MockBeanContextProxyS.java 
harmony-classlib, EventListenerProxy.java 
harmony-classlib, Observable.java 
hazelcast-cluster-monitor, MapPageBuilder.java 
hazelcast-cluster-monitor, QueuePageBuilder.java 
hbase, CompatibilitySingletonFactory.java 
hbase, ThriftServerMetricsSourceFactory.java 
hbase, ThriftServerMetricsSourceFactoryImpl.java 
helma, Prototype.java 
hivedb, SingletonHiveSessionFactoryBuilder.java 
hivedb, DirectoryFacade.java 
hivedb, DirectoryFacadeProvider.java 
HMS, AppointmentMemento.java 
HunApkNotifier, HunApkListAdapter.java 
hypergraphdb, CacheActionQueueSingleton.java 
iBatisWorkShop, NoXmlSingletonConnectionManager.java 
iBatisWorkShop, SingletonConnectionManager.java 
IDV, PrototypeManager.java 
infinitest, EclipseFacade.java 
infinitest, ProjectFacade.java 
infinitest, WorkspaceFacade.java 
intellij-community, FacetEditorFacade.java 
intellij-community, JavaPsiFacade.java 
intellij-community, JavaCodeStyleSettingsFacade.java 
intellij-community, SingletonMap.java 
intellij-community, Singleton.java 
intellij-community, CachedSingletonsRegistry.java 
intellij-community, FileIndexFacade.java 
intellij-community, MockFileIndexFacade.java 
intellij-community, CodeFormatterFacade.java 
intellij-community, CodeStyleFacade.java 
intellij-community, NewInstanceOfSingletonInspection.java 
intellij-community, SingletonInspection.java 
iPage, IndexFactory.java 
jabylon, Memento.java 
jabylon, BasicMementoImpl.java 
jabylon, UsersFactory.java 
jabylon, UsersFactoryImpl.java 
jackrabbit, SingletonRepositoryFactory.java 
jackrabbit, AccessControlObserver.java 
JagTrack, Prototype.java 
jamendo-android, AlbumBuilder.java 
jamendo-android, ArtistBuilder.java 
jamendo-android, LicenseBuilder.java 
jamendo-android, PlaylistBuilder.java 
jamendo-android, RadioBuilder.java 
jamendo-android, ReviewBuilder.java 
jamendo-android, TrackBuilder.java 
jamendo-android, AlbumDatabaseBuilder.java 
jamendo-android, RadioDatabaseBuilder.java 
jamendo-android, TrackDatabaseBuilder.java 
jamendo-android, DownloadJobBuilder.java 
james, MimeMessageCopyOnWriteProxy.java 
james, RestrictingRMISocketFactory.java 
Java-Design-Patterns, AbstractFactory.java 
java-game-server, ExecutionHandlerSingleton.java 
java-game-server, TCPPipelineFactory.java 
java-game-server, UDPPipelineFactory.java 
java-game-server, UDPChannelPipelineFactory.java 
java-patterns, MySQLRegistrationDAOFactory.java 
java-patterns, OracleRegistrationDAOFactory.java 
java-patterns, RegistrationDAOAbstractFactory.java 
java-patterns, RegistrationDAOFactory.java 
JavaDesignPatternExercises, IMemento.java 
JavaDesignPatternExercises, IObserver.java 
JavaDesignPatternExercises, ISubject.java 
JavaDesignPatternExercises, Memento.java 
javassist, ScopedClassPoolFactory.java 
javassist, ScopedClassPoolFactoryImpl.java 
javassist, Proxy.java 
javassist, ProxyObject.java 
jbehave-core, AuthenticationPolicyBuilder.java 
jbehave-core, User.java 
jbehave-core, UserBuilder.java 
jbehave-core, AuthenticationSteps.java 
jbehave-core, DbUnitSteps.java 
jbehave-core, OrganizationSteps.java 
jbehave-core, GameObserver.java 
jbehave-core, GameFrame.java 
jbehave-core, GameObserver.java 
jbehave-core, GameFrame.java 
jbehave-core, GameObserver.java 
jbehave-core, User.java 
jbehave-core, AuthenticationPolicyBuilder.java 
jbehave-core, UserBuilder.java 
jbehave-core, AuthenticationSteps.java 
jbehave-core, DbUnitSteps.java 
jbehave-core, OrganizationSteps.java 
jbehave-core, ThreadsStories.java 
jbehave-core, ThreadsSteps.java 
jbehave-core, FailureCorrelationStories.java 
jbehave-core, CalendarConverter.java 
jbehave-core, TraderConverter.java 
jbehave-core, Stock.java 
jbehave-core, Trader.java 
jbehave-core, TraderPersister.java 
jbehave-core, TradingService.java 
jbehave-core, AbstractSteps.java 
jbehave-core, BeforeAfterSteps.java 
jbehave-core, CalendarSteps.java 
jbehave-core, CompositeNestedSteps.java 
jbehave-core, CompositeSteps.java 
jbehave-core, FailingBeforeAfterSteps.java 
jbehave-core, MetaParametrisationSteps.java 
jbehave-core, NamedParametersSteps.java 
jbehave-core, ParameterDelimitersSteps.java 
jbehave-core, ParametrisationByDelimitedNameSteps.java 
jbehave-core, ParametrisedSteps.java 
jbehave-core, PendingSteps.java 
jbehave-core, PriorityMatchingSteps.java 
jbehave-core, SandpitSteps.java 
jbehave-core, SearchSteps.java 
jbehave-core, TraderSteps.java 
jbehave-core, FailingAfterStories.java 
jbehave-core, FailingBeforeStories.java 
jbehave-core, ParameterDelimiters.java 
jbehave-core, ParametrisationByDelimitedName.java 
jbehave-core, SkipBeforeAndAfterScenarioStepsIfGivenStory.java 
jbehave-core, SkipScenariosAfterFailure.java 
jbehave-core, AnnotatedEmbedderUsingGuice.java 
jbehave-core, AnnotatedEmbedderUsingGuiceAndSteps.java 
jbehave-core, InheritingAnnotatedEmbedderUsingSteps.java 
jbehave-core, AnnotatedEmbedderUsingPico.java 
jbehave-core, AnnotatedEmbedderUsingPicoAndSteps.java 
jbehave-core, InheritingAnnotatedEmbedderUsingSteps.java 
jbehave-core, ParentAnnotatedEmbedderUsingPico.java 
jbehave-core, AnnotatedEmbedderUsingSpring.java 
jbehave-core, AnnotatedEmbedderUsingSpringAndSteps.java 
jbehave-core, AnnotatedEmbedderUsingSpringNamespace.java 
jbehave-core, InheritingAnnotatedEmbedderUsingSteps.java 
jbehave-core, InheritingAnnotatedEmbedderUsingSteps.java 
jbehave-core, AnnotationBuilder.java 
jbehave-core, Embedder.java 
jbehave-core, EmbedderMonitorDecorator.java 
jbehave-core, ExecutorServiceFactory.java 
jbehave-core, FixedThreadExecutors.java 
jbehave-core, SameThreadExecutors.java 
jbehave-core, FilePrintStreamFactory.java 
jbehave-core, PrintStreamFactory.java 
jbehave-core, SilentSuccessFilter.java 
jbehave-core, StackTraceFormatter.java 
jbehave-core, StepdocReporter.java 
jbehave-core, StoryReporterBuilder.java 
jbehave-core, AbstractStepsFactory.java 
jbehave-core, CompositeStepsFactory.java 
jbehave-core, InjectableStepsFactory.java 
jbehave-core, InstanceStepsFactory.java 
jbehave-core, ParameterConverters.java 
jbehave-core, PatternVariantBuilder.java 
jbehave-core, ProvidedStepsFactory.java 
jbehave-core, StepFailureDecoratorBehaviour.java 
jbehave-core, GroovyAnnotationBuilder.java 
jbehave-core, GroovyStepsFactory.java 
jbehave-core, GroovyAnnotationBuilderBehaviour.java 
jbehave-core, GuiceAnnotationBuilder.java 
jbehave-core, GuiceStepsFactory.java 
jbehave-core, PicoAnnotationBuilder.java 
jbehave-core, PicoStepsFactory.java 
jbehave-core, PicoAnnotationBuilderBehaviour.java 
jbehave-core, ScalaStepsFactory.java 
jbehave-core, SpringAnnotationBuilder.java 
jbehave-core, SpringStoryReporterBuilder.java 
jbehave-core, SpringApplicationContextFactory.java 
jbehave-core, SpringStepsFactory.java 
jbehave-core, SpringStoryReporterBuilderBehaviour.java 
jbehave-core, WeldAnnotationBuilder.java 
jbehave-core, WeldStepsFactory.java 
jbehave-core, AnnotationBuilder.java 
jbehave-core, GroovyAnnotationBuilder.java 
jbehave-core, GroovyAnnotationBuilderBehaviour.java 
jbehave-core, GuiceAnnotationBuilder.java 
jbehave-core, PicoAnnotationBuilder.java 
jbehave-core, PicoAnnotationBuilderBehaviour.java 
jbehave-core, SpringAnnotationBuilder.java 
jbehave-core, SpringStoryReporterBuilder.java 
jbehave-core, SpringStoryReporterBuilderBehaviour.java 
jbehave-core, WeldAnnotationBuilder.java 
jbehave-core, Embedder.java 
jbehave-core, EmbedderMonitorDecorator.java 
jbehave-core, ExecutorServiceFactory.java 
jbehave-core, FixedThreadExecutors.java 
jbehave-core, SameThreadExecutors.java 
jbehave-core, FilePrintStreamFactory.java 
jbehave-core, PrintStreamFactory.java 
jbehave-core, SilentSuccessFilter.java 
jbehave-core, StackTraceFormatter.java 
jbehave-core, StepdocReporter.java 
jbehave-core, StepFailureDecoratorBehaviour.java 
jbehave-core, StoryReporterBuilder.java 
jbehave-core, AbstractStepsFactory.java 
jbehave-core, CompositeStepsFactory.java 
jbehave-core, InjectableStepsFactory.java 
jbehave-core, InstanceStepsFactory.java 
jbehave-core, ParameterConverters.java 
jbehave-core, PatternVariantBuilder.java 
jbehave-core, ProvidedStepsFactory.java 
jbehave-core, GroovyStepsFactory.java 
jbehave-core, GuiceStepsFactory.java 
jbehave-core, PicoStepsFactory.java 
jbehave-core, ScalaStepsFactory.java 
jbehave-core, SpringApplicationContextFactory.java 
jbehave-core, SpringStepsFactory.java 
jbehave-core, WeldStepsFactory.java 
jbehave-core, ThreadsStories.java 
jbehave-core, ThreadsSteps.java 
jbehave-core, FailureCorrelationStories.java 
jbehave-core, CalendarConverter.java 
jbehave-core, TraderConverter.java 
jbehave-core, AnnotatedEmbedderUsingGuice.java 
jbehave-core, AnnotatedEmbedderUsingGuiceAndSteps.java 
jbehave-core, InheritingAnnotatedEmbedderUsingSteps.java 
jbehave-core, Stock.java 
jbehave-core, Trader.java 
jbehave-core, TraderPersister.java 
jbehave-core, AnnotatedEmbedderUsingPico.java 
jbehave-core, AnnotatedEmbedderUsingPicoAndSteps.java 
jbehave-core, ParentAnnotatedEmbedderUsingPico.java 
jbehave-core, TradingService.java 
jbehave-core, AnnotatedEmbedderUsingSpring.java 
jbehave-core, AnnotatedEmbedderUsingSpringAndSteps.java 
jbehave-core, AnnotatedEmbedderUsingSpringNamespace.java 
jbehave-core, AbstractSteps.java 
jbehave-core, BeforeAfterSteps.java 
jbehave-core, CalendarSteps.java 
jbehave-core, CompositeNestedSteps.java 
jbehave-core, CompositeSteps.java 
jbehave-core, FailingBeforeAfterSteps.java 
jbehave-core, MetaParametrisationSteps.java 
jbehave-core, NamedParametersSteps.java 
jbehave-core, ParameterDelimitersSteps.java 
jbehave-core, ParametrisationByDelimitedNameSteps.java 
jbehave-core, ParametrisedSteps.java 
jbehave-core, PendingSteps.java 
jbehave-core, PriorityMatchingSteps.java 
jbehave-core, SandpitSteps.java 
jbehave-core, SearchSteps.java 
jbehave-core, TraderSteps.java 
jbehave-core, FailingAfterStories.java 
jbehave-core, FailingBeforeStories.java 
jbehave-core, ParameterDelimiters.java 
jbehave-core, ParametrisationByDelimitedName.java 
jbehave-core, SkipBeforeAndAfterScenarioStepsIfGivenStory.java 
jbehave-core, SkipScenariosAfterFailure.java 
jboss-aejb, SingletonAEjbHandler.java 
jge3d, Observer.java 
jogetworkflow, FormFacade.java 
jogetworkflow, WorkflowFacade.java 
jpatterns, AbstractFactoryPattern.java 
jpatterns, FactoryMethodPattern.java 
ju4pa, ConcurrentModificationObserver.java 
kahlua2, Prototype.java 
kodejava, SingletonDemo.java 
kodejava, Singleton.java 
liferay-portal, LayoutPrototypeBaseImpl.java 
liferay-portal, LayoutPrototypeImpl.java 
liferay-portal, LayoutPrototype.java 
liferay-portal, LayoutPrototypeWrapper.java 
liferay-portal, LayoutSetPrototypeWrapper.java 
liferay-portal, LayoutPrototypeLocalService.java 
liferay-portal, LayoutPrototypeLocalServiceWrapper.java 
liferay-portal, LayoutPrototypePermission.java 
LimeWire-Pirate-Edition, BTDiskManagerMementoImpl.java 
LimeWire-Pirate-Edition, BTDownloadMementoImpl.java 
LimeWire-Pirate-Edition, BTMetaInfoMementoImpl.java 
LimeWire-Pirate-Edition, DownloadMemento.java 
LimeWire-Pirate-Edition, GnutellaDownloadMemento.java 
LimeWire-Pirate-Edition, GnutellaDownloadMementoImpl.java 
LimeWire-Pirate-Edition, InNetworkDownloadMemento.java 
LimeWire-Pirate-Edition, InNetworkDownloadMementoImpl.java 
LimeWire-Pirate-Edition, LibTorrentBTDownloadMementoImpl.java 
LimeWire-Pirate-Edition, MagnetDownloadMementoImpl.java 
LimeWire-Pirate-Edition, TorrentFileSystemMementoImpl.java 
LimeWire-Pirate-Edition, VirusDefinitionDownloadMemento.java 
LimeWire-Pirate-Edition, AbstractLazySingletonProvider.java 
LoL-Chat, IXmppFacade.java 
LoL-Chat, XmppFacade.java 
Lord-of-Ultima-Manager, CityAdapter.java 
Lord-of-Ultima-Manager, SessionAdapter.java 
Lord-of-Ultima-Manager, TradeAdapter.java 
Lord-of-Ultima-Manager, TradeRequestAdapter.java 
Lord-of-Ultima-Manager, TroopAdapter.java 
lyo.rio, ServiceProviderSingleton.java 
m2eclipse-extras, P2Facade.java 
m2eclipse-extras, P2FacadeImpl.java 
magic-config, DoubleTagDecorator.java 
magic-config, SingleTagDecorator.java 
magic-config, TagDecorator.java 
magic-config, TripleTagDecorator.java 
magic-config, DecoratorFactory.java 
magic-config, DecoratorFactoryImpl.java 
maven-3, DefaultJavaToolchainFactory.java 
maven-3, ArtifactFactory.java 
maven-3, DefaultArtifactFactory.java 
maven-3, ArtifactRepositoryFactory.java 
maven-3, LifecycleWeaveBuilder.java 
maven-3, DefaultModelBuilder.java 
maven-3, DefaultProjectBuilder.java 
maven-3, MavenSettingsBuilder.java 
maven-3, DefaultSettingsBuilder.java 
maven-3, DefaultToolchainsBuilder.java 
maven-3, ToolchainFactory.java 
maven-cuke4duke-jump-start, WebDriverFacade.java 
Mavenized-Wave-In-A-Box, ViewFactory.java 
milton, ResourceFactory.java 
milton, ResourceFactoryFactory.java 
milton, SpringResourceFactoryFactory.java 
milton, ImageTableObserver.java 
milton, HrResourceFactory.java 
milton, HrResourceFactoryFactory.java 
mitfahrzentraleClient, ObjectFactory.java 
Mobile-Tour-Guide, BookmarkAdapter.java 
modapi, Prototype.java 
molgenis_apps, BiobankDecorator.java 
molgenis_apps, DBIndexUpdateDecorator.java 
molgenis_apps, MeasurementDecorator.java 
molgenis_apps, FlowcellDecorator.java 
molgenis_apps, LibraryLaneDecorator.java 
molgenis_apps, IdentifiableDecorator.java 
molgenis_apps, TaskDecorator.java 
molgenis_apps, EditableTableDecorator.java 
molgenis_apps, AuthorizableDecorator.java 
molgenis_apps, MolgenisUserDecorator.java 
molgenis_apps, MolgenisFileDecorator.java 
molgenis_apps, NameableDecorator.java 
molgenis_apps, DataDecorator.java 
mongkie, EnrichmentBuilder.java 
mongkie, DecoratorItem.java 
mongkie, TableDecoratorItem.java 
mongkie, SimpleDefaultDecorator.java 
mongkie, DecoratorLayout.java 
mongkie, DecoratorLabelRenderer.java 
movsim, VehiclePrototype.java 
MPS, MappingsMemento.java 
MPS, Memento.java 
MPS, MementoPersistence.java 
nuxeo-tycho-osgi, Memento.java 
nuxeo-tycho-osgi, XMLMemento.java 
ocl, UnresolvedFactory.java 
ocl, UnresolvedFactoryImpl.java 
ocl, CompleteOCLCSTFactory.java 
ocl, CompleteOCLCSTFactoryImpl.java 
ocl, OCLinEcoreCSTFactory.java 
ocl, OCLinEcoreCSTFactoryImpl.java 
ocl, ExpressionsFactory.java 
ocl, ExpressionsFactoryImpl.java 
ocl, AbapmappingFactory.java 
ocl, AbapdictionaryFactory.java 
ocl, AbapdictionaryFactoryImpl.java 
ocl, AbapmappingFactoryImpl.java 
ocl, ConstraintsFactory.java 
ocl, QuantitystructureFactory.java 
ocl, QuantitystructureFactoryImpl.java 
ocl, XsdFactory.java 
ocl, XsdFactoryImpl.java 
onebusaway-application-modules, ResourcePrototypeImpl.java 
OneSwarm, DHTRouterObserver.java 
OneSwarm, ResourcePrototype.java 
OneSwarm, ExternalTextResourcePrototype.java 
OneSwarm, ImageResourcePrototype.java 
openejb, ThreadSingletonService.java 
openejb, ThreadSingletonServiceImpl.java 
openejb, SingletonEjbHomeHandler.java 
openejb, SingletonEjbObjectHandler.java 
openejb, SingletonContainerBuilder.java 
openejb, SingletonContext.java 
openejb, SingletonInstanceManager.java 
openejb, SingletonContainer.java 
openejb, BasicSingletonBean.java 
openejb, SingletonCalculatorClient.java 
OpenSIG, ComercialProxy.java 
OpenSIG, Visitor.java 
OpenSIG, ExportacaoProxy.java 
OpenSIG, ImportacaoProxy.java 
orion.server, ResourceShapeFactory.java 
orion.server, GitFileDecorator.java 
orion.server, GitSshSessionFactory.java 
orion.server, OSGiConsoleFactory.java 
osate2-core, ComponentPrototype.java 
osate2-core, ComponentPrototypeActual.java 
osate2-core, ComponentPrototypeBinding.java 
osate2-core, FeatureGroupPrototype.java 
osate2-core, FeaturePrototype.java 
osate2-core, Prototype.java 
osate2-core, PrototypeBinding.java 
osate2-core, AbstractPrototypeImpl.java 
osate2-core, BusPrototypeImpl.java 
osate2-core, ComponentPrototypeActualImpl.java 
osate2-core, ComponentPrototypeImpl.java 
osate2-core, DataPrototypeImpl.java 
osate2-core, DevicePrototypeImpl.java 
osate2-core, FeatureGroupPrototypeActualImpl.java 
osate2-core, FeatureGroupPrototypeBindingImpl.java 
osate2-core, FeatureGroupPrototypeImpl.java 
osate2-core, FeaturePrototypeActualImpl.java 
osate2-core, FeaturePrototypeImpl.java 
osate2-core, FeaturePrototypeReferenceImpl.java 
osate2-core, MemoryPrototypeImpl.java 
osate2-core, ProcessorPrototypeImpl.java 
osate2-core, ProcessPrototypeImpl.java 
osate2-core, PrototypeBindingImpl.java 
osate2-core, PrototypeImpl.java 
osate2-core, SubprogramGroupPrototypeImpl.java 
osate2-core, SubprogramPrototypeImpl.java 
osate2-core, SystemPrototypeImpl.java 
osate2-core, ThreadGroupPrototypeImpl.java 
osate2-core, ThreadPrototypeImpl.java 
osate2-core, VirtualBusPrototypeImpl.java 
osate2-core, VirtualProcessorPrototypeImpl.java 
pcgen-svn, ModifyChoiceDecorator.java 
pcgen-svn, QualifiedDecorator.java 
pcgen-svn, LevelCommandFactory.java 
pcgen-svn, CDOMFactory.java 
pcgen-svn, ManufacturableFactory.java 
pcgen-svn, SimpleFacadeImpl.java 
pcgen-svn, CampaignInfoFactory.java 
pcgen-svn, InfoFactory.java 
pcgen-svn, KitFacade.java 
pcgen-svn, LanguageChooserFacade.java 
pcgen-svn, LanguageFacade.java 
pcgen-svn, LoadableFacade.java 
pcgen-svn, PartyFacade.java 
pcgen-svn, RaceFacade.java 
pcgen-svn, ReferenceFacade.java 
pcgen-svn, SizeFacade.java 
pcgen-svn, SkillFacade.java 
pcgen-svn, SourceSelectionFacade.java 
pcgen-svn, SpellFacade.java 
pcgen-svn, SpellSupportFacade.java 
pcgen-svn, StatFacade.java 
pcgen-svn, TempBonusFacade.java 
pcgen-svn, TemplateFacade.java 
pcgen-svn, TodoFacade.java 
pcgen-svn, UIDelegate.java 
pcgen-svn, XPTableFacade.java 
pcgen-svn, AbstractListFacade.java 
pcgen-svn, DefaultListFacade.java 
pcgen-svn, DelegatingListFacade.java 
pcgen-svn, ListFacade.java 
pcgen-svn, ListFacades.java 
pcgen-svn, SortedListFacade.java 
pcgen-svn, TermEvaluatorBuilder.java 
pcgen-svn, TermEvaluatorBuilderEQVar.java 
pcgen-svn, TermEvaluatorBuilderPCStat.java 
pcgen-svn, TermEvaluatorBuilderPCVar.java 
pcgen-svn, ShowMessageConsoleObserver.java 
pcgen-svn, EqBuilder.java 
pcgen-svn, PersistenceObserver.java 
pcgen-svn, ShowMessageGuiObserver.java 
pcgen-svn, TreeTableModelAdapter.java 
pcgen-svn, CharacterFacadeImpl.java 
pcgen-svn, CharacterLevelFacadeImpl.java 
pcgen-svn, CharacterLevelsFacadeImpl.java 
pcgen-svn, DescriptionFacadeImpl.java 
pcgen-svn, DomainFacadeImpl.java 
pcgen-svn, EquipmentListFacadeImpl.java 
pcgen-svn, EquipmentSetFacadeImpl.java 
pcgen-svn, GeneralChooserFacadeBase.java 
pcgen-svn, LanguageChooserFacadeImpl.java 
pcgen-svn, PartyFacadeImpl.java 
pcgen-svn, SpellFacadeImplem.java 
pcgen-svn, SpellSupportFacadeImpl.java 
pcgen-svn, TodoFacadeImpl.java 
pcgen-svn, ListDataAdapter.java 
pcgen-svn, PopupMouseAdapter.java 
pcgen-svn, FacadeFactory.java 
pellet, ELTaxonomyBuilder.java 
pellet, GenericTaxonomyBuilder.java 
pellet, EntailmentQueryVisitor.java 
pellet, FunctionApplicationVisitor.java 
pellet, NumberToLiteralVisitor.java 
pellet, NumericComparisonVisitor.java 
pellet, NumericVisitor.java 
pellet, AtomObjectVisitor.java 
pellet, DefaultAtomObjectVisitor.java 
pellet, DefaultRuleAtomVisitor.java 
pellet, RuleAtomVisitor.java 
pellet, OntBuilder.java 
pellet, FSMBuilder.java 
pellet, ATermBaseVisitor.java 
pellet, ATermVisitor.java 
pellet, PelletVisitor.java 
petals-studio, JbiFactory.java 
petals-studio, JbiFactoryImpl.java 
petals-studio, Cdk5Factory.java 
petals-studio, Cdk5FactoryImpl.java 
petals-studio, Filetransfer2xFactory.java 
petals-studio, Filetransfer2xFactoryImpl.java 
petals-studio, Filetransfer3Factory.java 
petals-studio, Filetransfer3FactoryImpl.java 
petals-studio, JmsFactory.java 
petals-studio, JmsFactoryImpl.java 
petals-studio, MailFactory.java 
petals-studio, MailFactoryImpl.java 
pizzaapp, ConfigurationSingleton.java 
platform, AbstractPDPProxy.java 
platform, PDPProxy.java 
platform, AbstractSynapseObserver.java 
platform, SynapseObserver.java 
platform, MessageStoreObserver.java 
platform, Observers.java 
platform, RestAPIObserver.java 
platform, HiveAxis2ConfigObserver.java 
platform, ActivityMediationStatisticsObserver.java 
platform, BAMMediationStatisticsObserver.java 
platform, ServiceStatisticsAxis2ConfigurationContextObserver.java 
platform, MediationStatsAxis2ConfigurationContextObserver.java 
platform, ConfigurationContextObserverImpl.java 
platform, Axis2ConfigurationContextObserverImpl.java 
platform, AbstractProxy.java 
platform, PaypalNVPProxy.java 
platform, PaypalSOAPProxy.java 
platform, SalesforceProxy.java 
platform, SalesforceProxyImpl.java 
platform, CassandraAxis2ConfigurationContextObserver.java 
platform, CSGAgentObserver.java 
platform, CSGAgentObserverImpl.java 
platform, CSGServiceObserver.java 
platform, DSAxis2ConfigurationContextObserver.java 
platform, DeploymentSyncAxis2ConfigurationContextObserver.java 
platform, DiscoveryAxis2ConfigurationContextObserver.java 
platform, TargetServiceObserver.java 
platform, DiscoveryProxyObserver.java 
platform, EventAxis2ConfigurationContextObserver.java 
platform, STSObserver.java 
platform, JAXWSAxis2ConfigurationObserver.java 
platform, MediationStatisticsObserver.java 
platform, JMXObserver.java 
platform, PersistingStatisticsObserver.java 
platform, TaskAxis2ConfigurationContextObserver.java 
platform, ProxyServiceParameterObserver.java 
platform, RSSManagerAxis2ConfigContextObserver.java 
platform, SecurityAxis2ConfigurationContextObserver.java 
platform, StatisticsAxis2ConfigurationContextObserver.java 
platform, ThrottlingAxis2ConfigurationContextObserver.java 
platform, TransactionManagerAxis2ConfigurationContextObserver.java 
platform_frameworks_base, AnimatorListenerAdapter.java 
platform_frameworks_base, SyncStatusObserver.java 
platform_frameworks_base, Singleton.java 
playorm, NoSqlProxy.java 
playorm, NoSqlProxyImpl.java 
playorm, CursorProxy.java 
playorm, ListProxy.java 
playorm, IterProxy.java 
playorm, IterableProxy.java 
playorm, IterLogProxy.java 
playorm, FactorySingleton.java 
pmd, DumpFacade.java 
po-mindstorms, FacadeSector.java 
prevayler, Memento.java 
prevayler, MementoManagerCommand.java 
prevayler, MementoTransaction.java 
Promasi-V2, GameModelMemento.java 
Promasi-V2, CompanyMemento.java 
Promasi-V2, DepartmentMemento.java 
Promasi-V2, EmployeeMemento.java 
Promasi-V2, EmployeeTaskMemento.java 
Promasi-V2, MarketPlaceMemento.java 
Promasi-V2, ProjectMemento.java 
Promasi-V2, ProjectTaskMemento.java 
Promasi-V2, TaskBridgeMemento.java 
Promasi-V2, SdSystemMemento.java 
Promasi-V2, FlowSdObjectMemento.java 
Promasi-V2, OutputSdObjectMemento.java 
Promasi-V2, StockSdObjectMemento.java 
Promasi-V2, CalculatedEquationMemento.java 
protogrid, GridPrototype.java 
protogrid, BaseDataPrototype.java 
protoj, Prototype.java 
Pydev, DialogMemento.java 
rap, MementoStateManager.java 
rap, IMemento.java 
rap, XMLMemento.java 
rap, ConfigurationElementMemento.java 
robo-remote, EmSingleton.java 
robo-remote, SoloSingleton.java 
rt.equinox.p2, Memento.java 
s4, PrototypeRequest.java 
s4, PrototypeWrapper.java 
sablecc, MMacroCreatorPrototype.java 
sablecc, MParamPrototype.java 
sablecc, MParamRefPrototype.java 
sample-projects, Visitor.java 
SamyGo-Android-Remote, BSeriesKeyCodeSenderFactory.java 
SamyGo-Android-Remote, CSeriesKeyCodeSenderFactory.java 
SamyGo-Android-Remote, SenderFactory.java 
santuario-java, SignatureAlgorithmFactory.java 
santuario-java, SecurityTokenFactory.java 
santuario-java, ElementProxy.java 
santuario-java, EncryptionElementProxy.java 
santuario-java, SignatureElementProxy.java 
see, BigDecimalFactory.java 
see, DoubleFactory.java 
see, IntegerFactory.java 
see, LocalizedBigDecimalFactory.java 
see, NumberFactory.java 
sherlog, SimpleLogEventFilterMemento.java 
sitemesh2, AbstractDecoratorMapper.java 
small-team-km-android-client, ActivitiesStackSingleton.java 
small-team-km-android-client, ImageCacheSoftRefSingleton.java 
SmartBIPrototype, SmartBIPrototype.java 
smsc-server, MessageObserver.java 
smsc-server, StatisticsObserver.java 
smsc-server, MessageManagerFactory.java 
smsc-server, DbUserManagerFactory.java 
smsc-server, PropertiesUserManagerFactory.java 
smsc-server, UserManagerFactory.java 
soapui, EmptyPanelBuilder.java 
soapui, RestServiceFactory.java 
soapui, RestMethodPanelBuilder.java 
soapui, RestRequestPanelBuilder.java 
soapui, EditorViewFactory.java 
soapui, InspectorFactory.java 
soapui, ResponseEditorViewFactory.java 
soapui, ResponseInspectorFactory.java 
social_1, PlacePrototype.java 
softwaremill-common, TransactionExceptionObserver.java 
spring-batch, ItemReaderAdapter.java 
spring-batch, ItemWriterAdapter.java 
spring-migration-analyzer, ApiUsageDetectingAsmVisitor.java 
spring-migration-analyzer, DelegatingAnnotationVisitor.java 
spring-migration-analyzer, DelegatingClassVisitor.java 
spring-migration-analyzer, DelegatingFieldVisitor.java 
spring-migration-analyzer, DelegatingMethodVisitor.java 
spring-migration-analyzer, StubResultGatheringAnnotationVisitor.java 
spring-migration-analyzer, StubResultGatheringClassVisitor.java 
spring-migration-analyzer, StubResultGatheringClassVisitorFactory.java 
spring-migration-analyzer, StubResultGatheringFieldVisitor.java 
spring-migration-analyzer, StubResultGatheringMethodVisitor.java 
spring-migration-analyzer, EjbDetectingClassVisitor.java 
spring-social-twitter, PlacePrototype.java 
spring-stringtemplate, StringTemplateDecoratorServlet.java 
sshj, SingletonRandomFactory.java 
sslr, AstAndTokenVisitor.java 
sslr, ExecutionFlowVisitor.java 
sslr, EmptyAlternativeVisitor.java 
sslr, EmptyRepetitionVisitor.java 
sslr, EmptyVisitor.java 
sslr, FirstVisitor.java 
sslr, MatcherVisitor.java 
sslr, RuleMatchersVisitor.java 
sslr, SymbolTableBuilderVisitor.java 
stratosphere, ExecutionObserver.java 
studio2, IMemento.java 
studio2, XMLMemento.java 
studio3, XMLMemento.java 
suite, Prototype.java 
SWE12-Drone, PrototypeBrickAdapter.java 
swing-mvc-demo, GroupModelObserver.java 
swing-mvc-demo, MainModelObserver.java 
swing-mvc-demo, UserModelObserver.java 
swp1-teamhub, AbstractFacade.java 
swp1-teamhub, AufgabeFacade.java 
swp1-teamhub, BenutzerFacade.java 
swp1-teamhub, KommentarFacade.java 
swp1-teamhub, ProjektFacade.java 
swp1-teamhub, TeamleiterFacade.java 
tapestry-bootstrap, BootStrapValidationDecorator.java 
tapestry-bootstrap, EnvironmentBindingFactory.java 
tapestry-bootstrap, SessionBindingFactory.java 
TapIt-Android-SDK-Source, AlertAdProxy.java 
teiid-designer, MappingLabelDecorator.java 
teiid-designer, VdbModelBuilder.java 
teiid-designer, CoreMatcherFactory.java 
teiid-designer, SearchRuntimeAdapter.java 
teiid-designer, CustomDiagramActionAdapter.java 
thredds, Nc4prototypes.java 
tomcat70, EjbFactory.java 
tomcat70, ResourceFactory.java 
TurtlePlayer, PreferencesObserver.java 
TwelveMonkeys, Visitor.java 
udig-platform, UdigMemento.java 
UK-Ejemplos, Observer.java 
UK-Ejemplos, EventObserver.java 
UK-Ejemplos, ObserverBuilder.java 
vogella, MyEnumSingleton.java 
vogella, MyObserver.java 
vogella, ElementObserver.java 
vogella, TotalObserver.java 
wayback, ArchivalUrlResultURIConverterFactory.java 
wayback, ARCRecordingProxy.java 
wayback, ARCUnwrappingProxy.java 
wayback, MementoReplayRendererDecorator.java 
wayback, ReplayRendererDecorator.java 
wayback, ReplayRendererDecoratorFactory.java 
wayback, ReplayParseEventDelegatorVisitor.java 
wayback, QueryCaptureFilterGroupFactory.java 
wayback, ParseEventDelegatorVisitor.java 
WhartonEventScheduler, EventListCursorAdapter.java 
WhartonEventScheduler, PeopleCursorAdapter.java 
wolips, EOPrototypeListContentProvider.java 
wolips, EOPrototypeListLabelProvider.java 
wonder, ERPrototypes.java 
XobotOS, Singleton.java 
zen-project, SingletonSolrAware.java 
zk, DefaultIDOMFactory.java 
zk, IDOMFactory.java 
zk, AbstractUiFactory.java 
zk, UiFactory.java 
